username,password,firstname,lastname,email
test,testing,te,te,f
check,532,erik,mai,e@gmail.com
testy,123,Kevin,Durant,t@gmail.com
Sunday,sunday,Sun,Day,sunday@week.org
Saturday,saturday,Satur,Day,Saturday@week.org
Aylin,a,Aylin,Rendon,ayren@a.com
monday,monday,mon,day,monday@monday.com
UMAR,mean,UMAR,MEAN,umean@ta.org
Biden,crip,Joe,Biden,democrip@usgangs.org
LiveDemo,live,Live,Demo,livedemo@live.com
LiveDemo1,live,live,demo,live.demo@live.com
Jason,jason,Jason,Test,jason@j.com
